{
	"class_name" : "PinholeCameraParameters",
	"extrinsic" : 
	[
		1.0,
		0.0,
		-0.0,
		0.0,
		0.0,
		-0.99998200005399995,
		0.0059999640000648006,
		0.0,
		0.0,
		-0.0059999640000648006,
		-0.99998200005399995,
		0.0,
		-2.1467345314650701,
		0.46721856773413384,
		14.039223700401758,
		1.0
	],
	"intrinsic" : 
	{
		"height" : 1043,
		"intrinsic_matrix" : 
		[
			903.26449614716955,
			0.0,
			0.0,
			0.0,
			903.26449614716955,
			0.0,
			959.5,
			521.0,
			1.0
		],
		"width" : 1920
	},
	"version_major" : 1,
	"version_minor" : 0
}